node,year,theta
R12_AFR,2030,21.15961140864787
R12_AFR,2040,35.99974067034923
R12_AFR,2050,44.80272095392972
R12_AFR,2060,52.363902495814976
R12_AFR,2070,66.46384044843576
R12_AFR,2080,81.00101029893226
R12_AFR,2090,88.99182486791082
R12_AFR,2100,96.62307594802184
R12_AFR,2025,19.812073064961925
R12_AFR,2035,28.853567356636642
R12_AFR,2045,40.4553636353073
R12_AFR,2055,48.65632331280221
R12_EEU,2030,1.3314314167909558
R12_EEU,2040,1.5101258112181128
R12_EEU,2050,1.6345665952150632
R12_EEU,2060,1.6907597860945518
R12_EEU,2070,1.7551951705680255
R12_EEU,2080,1.8346007452032354
R12_EEU,2090,1.9552826513029922
R12_EEU,2100,2.033826072980379
R12_EEU,2025,1.1793559289276667
R12_EEU,2035,1.4240885308324387
R12_EEU,2045,1.5858521280870075
R12_EEU,2055,1.6671428620485602
R12_FSU,2030,1.8720089148946897
R12_FSU,2040,2.864308301320424
R12_FSU,2050,3.3993286574613926
R12_FSU,2060,3.008387791550832
R12_FSU,2070,3.4387304502680713
R12_FSU,2080,3.4018094856843173
R12_FSU,2090,3.080980406896347
R12_FSU,2100,2.9733522859292276
R12_FSU,2025,1.680985569516257
R12_FSU,2035,2.342619228380009
R12_FSU,2045,3.124177147894786
R12_FSU,2055,3.2092948392306857
R12_LAM,2030,6.615741469167876
R12_LAM,2040,6.949993319241362
R12_LAM,2050,7.474754356251654
R12_LAM,2060,7.629400998750817
R12_LAM,2070,7.795436861827803
R12_LAM,2080,7.9286149721485035
R12_LAM,2090,8.01571189424671
R12_LAM,2100,8.165525235462468
R12_LAM,2025,6.886029919505356
R12_LAM,2035,6.740167332028744
R12_LAM,2045,7.1647899700651285
R12_LAM,2055,7.512381731998848
R12_MEA,2030,5.783760864881185
R12_MEA,2040,6.224840689429377
R12_MEA,2050,6.945525540306222
R12_MEA,2060,7.828815140096468
R12_MEA,2070,8.573855682104336
R12_MEA,2080,9.216893868606558
R12_MEA,2090,9.558539895925257
R12_MEA,2100,9.816964929309286
R12_MEA,2025,5.770524413658465
R12_MEA,2035,5.996260972144052
R12_MEA,2045,6.542008248903431
R12_MEA,2055,7.357371674835136
R12_NAM,2030,1.6912280624272753
R12_NAM,2040,2.3480707393088824
R12_NAM,2050,3.1859567680569745
R12_NAM,2060,3.643854650070945
R12_NAM,2070,3.9391090933252326
R12_NAM,2080,4.861199437961566
R12_NAM,2090,5.669803240626831
R12_NAM,2100,6.155556238487803
R12_NAM,2025,1.394225104391714
R12_NAM,2035,2.0008873509572265
R12_NAM,2045,2.735947733226486
R12_NAM,2055,3.4249699566855143
R12_PAO,2030,2.1764259104680157
R12_PAO,2040,2.4055914229607684
R12_PAO,2050,2.598395138941438
R12_PAO,2060,3.0172711420900162
R12_PAO,2070,3.400861286313276
R12_PAO,2080,3.8344417991070485
R12_PAO,2090,4.31121783961017
R12_PAO,2100,4.798018526594268
R12_PAO,2025,1.9511015838804917
R12_PAO,2035,2.2958410362762782
R12_PAO,2045,2.5158117693188626
R12_PAO,2055,2.806718825787296
R12_PAS,2030,5.860574458403466
R12_PAS,2040,7.574642928645789
R12_PAS,2050,9.582356484334271
R12_PAS,2060,11.022116426372245
R12_PAS,2070,12.465582741650032
R12_PAS,2080,13.77582715807709
R12_PAS,2090,14.709962763636254
R12_PAS,2100,15.868222451141758
R12_PAS,2025,5.091126046903292
R12_PAS,2035,6.5842154501525725
R12_PAS,2045,8.528579773224507
R12_PAS,2055,10.319158336355953
R12_SAS,2030,9.708125662740505
R12_SAS,2040,12.385015200799327
R12_SAS,2050,15.126653934213007
R12_SAS,2060,19.051312980093858
R12_SAS,2070,24.25791495187348
R12_SAS,2080,29.598809037066513
R12_SAS,2090,33.791746631767474
R12_SAS,2100,37.65543322333569
R12_SAS,2025,8.613090860906565
R12_SAS,2035,10.907423656455025
R12_SAS,2045,13.696470996420274
R12_SAS,2055,16.99950192338627
R12_WEU,2030,1.1401857819865613
R12_WEU,2040,1.344652435439163
R12_WEU,2050,1.5441092829143475
R12_WEU,2060,1.7103129733808795
R12_WEU,2070,1.925742620561694
R12_WEU,2080,2.1297467612385335
R12_WEU,2090,2.341946025692872
R12_WEU,2100,2.5610425287975747
R12_WEU,2025,1.0217866496663648
R12_WEU,2035,1.244826197191825
R12_WEU,2045,1.4498062016092297
R12_WEU,2055,1.6333791357242298
R12_CHN,2025,2.55583998678557
R12_CHN,2030,3.0221832466334675
R12_CHN,2035,3.243041160079892
R12_CHN,2040,3.5245998551712687
R12_CHN,2045,3.708576554065001
R12_CHN,2050,3.950970675399929
R12_CHN,2055,4.101274312036919
R12_CHN,2060,4.272629376542523
R12_CHN,2070,4.688135634464784
R12_CHN,2080,5.165294220547398
R12_CHN,2090,5.551553374037441
R12_CHN,2100,5.860013784395775
R12_RCPA,2025,10.00805927574344
R12_RCPA,2030,10.205462903264005
R12_RCPA,2035,10.01085629883747
R12_RCPA,2040,9.964375809547679
R12_RCPA,2045,9.6934647872195
R12_RCPA,2050,9.612385841650855
R12_RCPA,2055,9.737538443867649
R12_RCPA,2060,10.005729579390719
R12_RCPA,2070,10.554437789796685
R12_RCPA,2080,11.151899338799977
R12_RCPA,2090,11.564949249282446
R12_RCPA,2100,12.053238306981616
R12_AFR,2020,20.21484290735805
R12_EEU,2020,1.060623712039653
R12_LAM,2020,7.449677400866544
R12_MEA,2020,5.928062408762471
R12_NAM,2020,1.1339870761227735
R12_SAS,2020,7.776145302640722
R12_WEU,2020,0.9283981254027653
R12_FSU,2020,1.4866235684170388
R12_PAO,2020,1.7851092384562912
R12_PAS,2020,4.448395489366942
R12_CHN,2020,1.9955210871181246
R12_RCPA,2020,9.252264613593681
